{"cameraMode":{"drawMode":-2147483648,"name":"Texel UV0","section":"Tooling"},"sceneLighting":true,"audioPlay":false,"sceneViewState":{"m_AlwaysRefresh":false,"showFog":true,"showSkybox":true,"showFlares":true,"showImageEffects":true,"showParticleSystems":true,"showVisualEffectGraphs":true,"m_FxEnabled":true},"in2DMode":false,"pivot":{"x":3.798736095428467,"y":4.157299995422363,"z":-1.6306843757629395},"rotation":{"x":-0.028762532398104669,"y":-0.8152446746826172,"z":0.04064066708087921,"w":-0.5769721865653992},"size":4.969647407531738,"orthographic":false}